mode,dx,dt,seed,size,time,maximum,total_v,minimum,spots_0.15,spots_0.2,spots_0.25
seeded,1.0,1.0,0,96.0,0.0,0.25990193010470647,17.353722610422786,0.0,1,1,3
seeded,1.0,1.0,0,96.0,100.0,0.3061334463953166,43.12916211158584,5.769620719965806e-62,1,1,1
seeded,1.0,1.0,0,96.0,200.0,0.3059824442996482,45.21523909509216,7.321152749318163e-36,1,1,1
seeded,1.0,1.0,0,96.0,300.0,0.31735565381436365,49.64330893186429,8.029231411292646e-31,1,1,1
seeded,1.0,1.0,0,96.0,400.0,0.3488756680852405,56.20898815009391,2.573484484230555e-29,1,1,3
seeded,1.0,1.0,0,96.0,500.0,0.36838887796681863,62.670217953126965,5.981479204669882e-29,1,3,3
seeded,1.0,1.0,0,96.0,600.0,0.3821405158465176,71.84358583549725,1.0584879088172694e-28,3,3,4
seeded,1.0,1.0,0,96.0,700.0,0.3814751721699693,85.122457149566,2.398713141228426e-28,3,4,4
seeded,1.0,1.0,0,96.0,800.0,0.3623399229781544,94.6160157468659,9.147616057951808e-28,4,4,4
seeded,1.0,1.0,0,96.0,900.0,0.36084803442155255,106.92991090323679,6.402588100492137e-27,4,4,4
seeded,1.0,1.0,0,96.0,1000.0,0.3806831261505553,119.80559027381776,5.523059583378339e-26,4,4,6
seeded,1.0,1.0,0,96.0,1100.0,0.37769734016625917,133.19404689679146,3.0852353330574117e-25,4,6,6
seeded,1.0,1.0,0,96.0,1200.0,0.3759457895122174,144.16940823516518,8.685283743762214e-25,6,6,8
seeded,1.0,1.0,0,96.0,1300.0,0.37766180288378315,156.82043260829266,1.603653863316534e-24,7,8,8
seeded,1.0,1.0,0,96.0,1400.0,0.3751536051079188,167.10727765553685,2.675412799266483e-24,8,8,8
seeded,1.0,1.0,0,96.0,1500.0,0.37154519790302565,181.3984911067559,7.48320512695124e-24,8,8,8
seeded,1.0,1.0,0,96.0,1600.0,0.36821132491142183,195.18840436027756,3.0840228586497225e-23,8,8,8
seeded,1.0,1.0,0,96.0,1700.0,0.3893299930990347,215.91201293252868,1.6477125107702245e-22,8,8,10
seeded,1.0,1.0,0,96.0,1800.0,0.3926047139443534,249.30919563140992,8.521220201917098e-22,8,10,11
seeded,1.0,1.0,0,96.0,1900.0,0.39555689763095525,290.29821817713713,4.3123758840442295e-21,10,12,15
seeded,1.0,1.0,0,96.0,2000.0,0.38138040798499145,327.49622138525933,2.453420937698917e-20,15,15,16
seeded,1.0,1.0,0,96.0,2100.0,0.3834380949891535,366.6721198391512,1.7867791481368848e-19,16,16,18
seeded,1.0,1.0,0,96.0,2200.0,0.3876173256282225,407.1229702254988,1.17008236011328e-18,18,18,21
seeded,1.0,1.0,0,96.0,2300.0,0.38286638854152316,440.0046518934171,5.605997632730497e-18,20,21,23
seeded,1.0,1.0,0,96.0,2400.0,0.37410382129399694,459.5694732188968,2.0213741558667687e-17,22,23,24
seeded,1.0,1.0,0,96.0,2500.0,0.38255718009794976,491.42354255986277,6.42748095168738e-17,23,24,24
seeded,1.0,1.0,0,96.0,2600.0,0.3953933444446453,534.3580069525802,2.7253137467365807e-16,24,24,27
seeded,1.0,1.0,0,96.0,2700.0,0.38751302172851093,582.3720190851914,1.6865216327729381e-15,26,27,28
seeded,1.0,1.0,0,96.0,2800.0,0.3878973108475475,632.1158738240744,1.2865484969456825e-14,27,29,33
seeded,1.0,1.0,0,96.0,2900.0,0.38142970823310707,673.5709868351796,1.1867163174531417e-13,31,34,34
seeded,1.0,1.0,0,96.0,3000.0,0.3843687815811718,721.9465382467255,9.18878545654259e-13,32,35,37
seeded,1.0,1.0,0,96.0,3100.0,0.39347786914277716,765.7805564150981,4.489240658949034e-12,33,37,40
seeded,1.0,1.0,0,96.0,3200.0,0.38492424774486034,801.7496272441849,1.5587942869486418e-11,36,39,42
seeded,1.0,1.0,0,96.0,3300.0,0.3937570057695505,838.9936252026275,5.307994031474803e-11,41,41,44
seeded,1.0,1.0,0,96.0,3400.0,0.3865059986775926,863.9544635803627,1.9530870775365943e-10,43,45,47
seeded,1.0,1.0,0,96.0,3500.0,0.3736280082121428,884.8128423546057,6.321202177559524e-10,45,46,47
seeded,1.0,1.0,0,96.0,3600.0,0.3764143068666429,900.4340668696314,2.040054253882497e-09,46,47,48
seeded,1.0,1.0,0,96.0,3700.0,0.38811181897035896,916.9070615526489,7.143186485239657e-09,47,47,49
seeded,1.0,1.0,0,96.0,3800.0,0.3912956444088289,936.7889343854572,2.638791823395998e-08,48,48,51
seeded,1.0,1.0,0,96.0,3900.0,0.3943821974159356,956.4274297313574,1.242083630317682e-07,49,50,53
seeded,1.0,1.0,0,96.0,4000.0,0.3862398308390101,970.2619930303377,7.167690384603034e-07,51,51,55
seeded,1.0,1.0,1,96.0,0.0,0.2599228238023726,17.257052448938634,0.0,1,1,3
seeded,1.0,1.0,1,96.0,100.0,0.3079617091794899,42.9966929341009,5.770926976165283e-62,1,1,1
seeded,1.0,1.0,1,96.0,200.0,0.3109670582452906,45.01685011451983,7.301135493087004e-36,1,1,1
seeded,1.0,1.0,1,96.0,300.0,0.32256393539533584,49.41468404644422,7.867726218970064e-31,1,1,1
seeded,1.0,1.0,1,96.0,400.0,0.3630186956265502,55.62134199597022,2.520700513695717e-29,1,1,1
seeded,1.0,1.0,1,96.0,500.0,0.3870957934282149,63.047975714740936,5.881155319868108e-29,1,1,3
seeded,1.0,1.0,1,96.0,600.0,0.3752347609754183,74.30043295224291,1.0512027892345837e-28,2,3,3
seeded,1.0,1.0,1,96.0,700.0,0.3854725768864687,82.79822696020979,2.5262316269182994e-28,3,3,4
seeded,1.0,1.0,1,96.0,800.0,0.3732527328304382,94.83145233739083,1.015108670659135e-27,4,4,4
seeded,1.0,1.0,1,96.0,900.0,0.3723245730675454,105.93795851124062,6.0575602907394434e-27,4,4,4
seeded,1.0,1.0,1,96.0,1000.0,0.3793464996389634,119.58673246009545,4.321129082904722e-26,4,4,6
seeded,1.0,1.0,1,96.0,1100.0,0.37491050114678487,129.2394413437099,2.354053213359309e-25,5,6,6
seeded,1.0,1.0,1,96.0,1200.0,0.3725697625943686,141.50654960087058,7.41250641854217e-25,6,6,7
seeded,1.0,1.0,1,96.0,1300.0,0.3774099844552471,155.6650009499702,1.577567488811592e-24,6,7,8
seeded,1.0,1.0,1,96.0,1400.0,0.37621474847148406,165.09408442085245,3.247455352587151e-24,7,8,8
seeded,1.0,1.0,1,96.0,1500.0,0.3722484995266445,176.84831082254289,7.580221889677425e-24,8,8,8
seeded,1.0,1.0,1,96.0,1600.0,0.3697578541005766,191.44122274813304,2.3919974296096485e-23,8,8,8
seeded,1.0,1.0,1,96.0,1700.0,0.4024506197594334,213.4279624982199,9.802970334515391e-23,8,8,10
seeded,1.0,1.0,1,96.0,1800.0,0.4064427544756828,241.25603736635725,4.5845430634749595e-22,9,10,11
seeded,1.0,1.0,1,96.0,1900.0,0.4014945475197373,273.4199427323757,2.328338895871594e-21,11,11,12
seeded,1.0,1.0,1,96.0,2000.0,0.39118849375429154,312.6443492242099,1.521919678092526e-20,12,13,14
seeded,1.0,1.0,1,96.0,2100.0,0.3807622913568121,344.5006908325805,1.1743440246784819e-19,13,14,16
seeded,1.0,1.0,1,96.0,2200.0,0.378987228726002,367.48455454295936,6.126363371599347e-19,16,17,19
seeded,1.0,1.0,1,96.0,2300.0,0.373777971570762,387.5080564477118,2.7546600536483185e-18,17,19,19
seeded,1.0,1.0,1,96.0,2400.0,0.37655726996438066,411.53511507928374,1.1803761880089018e-17,19,19,20
seeded,1.0,1.0,1,96.0,2500.0,0.38377869059162356,441.3184507040495,4.31837350261257e-17,20,20,21
seeded,1.0,1.0,1,96.0,2600.0,0.3830794055771803,472.3984900658726,2.1119198406094506e-16,21,21,21
seeded,1.0,1.0,1,96.0,2700.0,0.3905467387872848,517.5998339237901,1.384498356445768e-15,21,21,24
seeded,1.0,1.0,1,96.0,2800.0,0.39127374482251426,565.282448931922,9.053576535792818e-15,21,24,27
seeded,1.0,1.0,1,96.0,2900.0,0.3895395598088007,606.1786724335868,5.69162840707862e-14,26,28,30
seeded,1.0,1.0,1,96.0,3000.0,0.39166809772451366,647.9500947365693,3.0573187300567014e-13,29,29,32
seeded,1.0,1.0,1,96.0,3100.0,0.37954372182468793,679.2686770508515,1.5023058760675528e-12,31,32,33
seeded,1.0,1.0,1,96.0,3200.0,0.3792932173243488,713.2786266670801,6.256807158700597e-12,33,33,37
seeded,1.0,1.0,1,96.0,3300.0,0.38649433575313163,744.3647260395742,2.5706256627456204e-11,33,35,38
seeded,1.0,1.0,1,96.0,3400.0,0.3808936520982381,770.0223722649578,1.1084095489741765e-10,35,37,39
seeded,1.0,1.0,1,96.0,3500.0,0.3727054263423609,800.0901496711634,5.429653863646323e-10,37,37,41
seeded,1.0,1.0,1,96.0,3600.0,0.38431004732838336,835.102285732124,2.7510066188895128e-09,37,39,45
seeded,1.0,1.0,1,96.0,3700.0,0.38341582253576545,865.2272404946993,1.307690777872978e-08,41,42,46
seeded,1.0,1.0,1,96.0,3800.0,0.3883696090998596,893.3017282748681,7.395557798657492e-08,42,43,49
seeded,1.0,1.0,1,96.0,3900.0,0.3809813809032343,914.2680204011533,4.788785181076892e-07,47,48,51
seeded,1.0,1.0,1,96.0,4000.0,0.39539017891752354,931.3475947418406,2.665888149814532e-06,49,49,52
seeded,1.0,1.0,2,96.0,0.0,0.259637666863902,17.25108511586528,0.0,1,1,1
seeded,1.0,1.0,2,96.0,100.0,0.3099532510905785,42.98973747483866,5.708672714229458e-62,1,1,1
seeded,1.0,1.0,2,96.0,200.0,0.3150898392642131,44.98345756361955,7.250420352516347e-36,1,1,1
seeded,1.0,1.0,2,96.0,300.0,0.3302811583970907,49.254044840272925,7.870658854824835e-31,1,1,1
seeded,1.0,1.0,2,96.0,400.0,0.3643351560620818,54.53079827894949,2.527813152730174e-29,1,1,2
seeded,1.0,1.0,2,96.0,500.0,0.38307237776585157,61.372999515569305,5.946991725263334e-29,1,3,3
seeded,1.0,1.0,2,96.0,600.0,0.38904937707226417,72.73596146598867,1.1052260066951269e-28,3,3,3
seeded,1.0,1.0,2,96.0,700.0,0.3899873635654561,86.34043191883399,2.924344776728187e-28,3,4,4
seeded,1.0,1.0,2,96.0,800.0,0.37551360371403447,96.89063349196618,1.2232522778060096e-27,4,4,4
seeded,1.0,1.0,2,96.0,900.0,0.3857778647825171,110.6195025593008,7.438467802291906e-27,4,4,5
seeded,1.0,1.0,2,96.0,1000.0,0.38117310377845076,120.97823631145485,4.9380118699862584e-26,5,5,5
seeded,1.0,1.0,2,96.0,1100.0,0.37715510982457134,131.80392456395168,2.4522854142655523e-25,5,5,6
seeded,1.0,1.0,2,96.0,1200.0,0.3717483071710077,143.89279847030627,8.204714431004974e-25,6,6,6
seeded,1.0,1.0,2,96.0,1300.0,0.3788455665439242,155.34165057969824,2.2955213601246456e-24,6,6,8
seeded,1.0,1.0,2,96.0,1400.0,0.3755578632617725,166.99120747394346,5.658324787779454e-24,7,7,8
seeded,1.0,1.0,2,96.0,1500.0,0.37389977017898235,176.55643818797938,1.4669910780349825e-23,8,8,8
seeded,1.0,1.0,2,96.0,1600.0,0.39162378138263215,193.36990292344274,3.9581402827002395e-23,8,8,9
seeded,1.0,1.0,2,96.0,1700.0,0.3922822511420166,214.3667477325008,1.3175196161837236e-22,8,9,9
seeded,1.0,1.0,2,96.0,1800.0,0.3810921321880003,240.36912988453844,5.05881167122774e-22,9,9,11
seeded,1.0,1.0,2,96.0,1900.0,0.40384145559579787,274.18741413878917,2.1326884707114203e-21,10,11,13
seeded,1.0,1.0,2,96.0,2000.0,0.3880080532563948,303.1718643468006,1.0424446236939085e-20,13,13,14
seeded,1.0,1.0,2,96.0,2100.0,0.38449371776541225,340.0874810372886,6.587742849704479e-20,13,14,16
seeded,1.0,1.0,2,96.0,2200.0,0.37429690591729037,369.081929200689,3.9017253130129635e-19,15,16,18
seeded,1.0,1.0,2,96.0,2300.0,0.381637086595293,404.7132159176223,1.9449623517499046e-18,16,18,20
seeded,1.0,1.0,2,96.0,2400.0,0.38499525817997077,432.10224140360685,6.496391977410895e-18,20,20,22
seeded,1.0,1.0,2,96.0,2500.0,0.3747361474632537,457.73966004320243,2.065815074519986e-17,21,22,23
seeded,1.0,1.0,2,96.0,2600.0,0.395116757173912,488.49862231189184,7.596991020042237e-17,22,22,25
seeded,1.0,1.0,2,96.0,2700.0,0.3798090988072512,522.147637709349,3.704785874739576e-16,23,24,26
seeded,1.0,1.0,2,96.0,2800.0,0.3922233467184143,558.311558420048,2.0443781236552172e-15,24,25,27
seeded,1.0,1.0,2,96.0,2900.0,0.3984308398190455,600.7094374177166,1.2039369314541032e-14,25,26,29
seeded,1.0,1.0,2,96.0,3000.0,0.3895310133654932,644.8824703349811,7.667687893362096e-14,28,29,32
seeded,1.0,1.0,2,96.0,3100.0,0.38096284426966964,686.5268697040324,4.678966642450889e-13,30,31,35
seeded,1.0,1.0,2,96.0,3200.0,0.38702180703403977,728.4030020698938,2.1681614856755627e-12,33,34,38
seeded,1.0,1.0,2,96.0,3300.0,0.3827081715640842,766.574470727772,9.065180331410842e-12,35,37,40
seeded,1.0,1.0,2,96.0,3400.0,0.39077077246140796,801.6832451720451,4.0841412705574024e-11,37,38,42
seeded,1.0,1.0,2,96.0,3500.0,0.38426090049910266,833.271749082128,2.423292566992885e-10,38,40,43
seeded,1.0,1.0,2,96.0,3600.0,0.3851464109274135,862.15478660076,1.5031657094139649e-09,40,40,45
seeded,1.0,1.0,2,96.0,3700.0,0.379862774694731,892.7577290960514,8.186441362422379e-09,41,42,47
seeded,1.0,1.0,2,96.0,3800.0,0.38757142056841676,920.2578230254493,4.1947019763844314e-08,42,47,50
seeded,1.0,1.0,2,96.0,3900.0,0.3808263247225505,946.0290447651468,1.5068029189510333e-07,47,49,53
seeded,1.0,1.0,2,96.0,4000.0,0.377190001762526,967.7411499993038,6.652763564636415e-07,49,53,56
unseeded,1.0,1.0,0,96.0,0.0,0.0,0.0,0.0,0,0,0
unseeded,1.0,1.0,0,96.0,100.0,0.0,0.0,0.0,0,0,0
unseeded,1.0,1.0,0,96.0,200.0,0.0,0.0,0.0,0,0,0
unseeded,1.0,1.0,0,96.0,300.0,0.0,0.0,0.0,0,0,0
unseeded,1.0,1.0,0,96.0,400.0,0.0,0.0,0.0,0,0,0
unseeded,1.0,1.0,0,96.0,500.0,0.0,0.0,0.0,0,0,0
unseeded,1.0,1.0,0,96.0,600.0,0.0,0.0,0.0,0,0,0
unseeded,1.0,1.0,0,96.0,700.0,0.0,0.0,0.0,0,0,0
unseeded,1.0,1.0,0,96.0,800.0,0.0,0.0,0.0,0,0,0
unseeded,1.0,1.0,0,96.0,900.0,0.0,0.0,0.0,0,0,0
unseeded,1.0,1.0,0,96.0,1000.0,0.0,0.0,0.0,0,0,0
unseeded,1.0,1.0,0,96.0,1100.0,0.0,0.0,0.0,0,0,0
unseeded,1.0,1.0,0,96.0,1200.0,0.0,0.0,0.0,0,0,0
unseeded,1.0,1.0,0,96.0,1300.0,0.0,0.0,0.0,0,0,0
unseeded,1.0,1.0,0,96.0,1400.0,0.0,0.0,0.0,0,0,0
unseeded,1.0,1.0,0,96.0,1500.0,0.0,0.0,0.0,0,0,0
unseeded,1.0,1.0,0,96.0,1600.0,0.0,0.0,0.0,0,0,0
unseeded,1.0,1.0,0,96.0,1700.0,0.0,0.0,0.0,0,0,0
unseeded,1.0,1.0,0,96.0,1800.0,0.0,0.0,0.0,0,0,0
unseeded,1.0,1.0,0,96.0,1900.0,0.0,0.0,0.0,0,0,0
unseeded,1.0,1.0,0,96.0,2000.0,0.0,0.0,0.0,0,0,0
unseeded,1.0,1.0,0,96.0,2100.0,0.0,0.0,0.0,0,0,0
unseeded,1.0,1.0,0,96.0,2200.0,0.0,0.0,0.0,0,0,0
unseeded,1.0,1.0,0,96.0,2300.0,0.0,0.0,0.0,0,0,0
unseeded,1.0,1.0,0,96.0,2400.0,0.0,0.0,0.0,0,0,0
unseeded,1.0,1.0,0,96.0,2500.0,0.0,0.0,0.0,0,0,0
unseeded,1.0,1.0,0,96.0,2600.0,0.0,0.0,0.0,0,0,0
unseeded,1.0,1.0,0,96.0,2700.0,0.0,0.0,0.0,0,0,0
unseeded,1.0,1.0,0,96.0,2800.0,0.0,0.0,0.0,0,0,0
unseeded,1.0,1.0,0,96.0,2900.0,0.0,0.0,0.0,0,0,0
unseeded,1.0,1.0,0,96.0,3000.0,0.0,0.0,0.0,0,0,0
unseeded,1.0,1.0,0,96.0,3100.0,0.0,0.0,0.0,0,0,0
unseeded,1.0,1.0,0,96.0,3200.0,0.0,0.0,0.0,0,0,0
unseeded,1.0,1.0,0,96.0,3300.0,0.0,0.0,0.0,0,0,0
unseeded,1.0,1.0,0,96.0,3400.0,0.0,0.0,0.0,0,0,0
unseeded,1.0,1.0,0,96.0,3500.0,0.0,0.0,0.0,0,0,0
unseeded,1.0,1.0,0,96.0,3600.0,0.0,0.0,0.0,0,0,0
unseeded,1.0,1.0,0,96.0,3700.0,0.0,0.0,0.0,0,0,0
unseeded,1.0,1.0,0,96.0,3800.0,0.0,0.0,0.0,0,0,0
unseeded,1.0,1.0,0,96.0,3900.0,0.0,0.0,0.0,0,0,0
unseeded,1.0,1.0,0,96.0,4000.0,0.0,0.0,0.0,0,0,0
small_noise,1.0,1.0,0,96.0,0.0,0.00999996766721249,46.07728478183164,1.0800680093148162e-06,0,0,0
small_noise,1.0,1.0,0,96.0,100.0,3.7915246696653326e-07,0.0031658085727414376,3.022328541938504e-07,0,0,0
small_noise,1.0,1.0,0,96.0,200.0,2.3787137271539592e-11,2.0373764945493803e-07,2.040518508762163e-11,0,0,0
small_noise,1.0,1.0,0,96.0,300.0,1.513078027595665e-15,1.3111613645307498e-11,1.330894047102596e-15,0,0,0
small_noise,1.0,1.0,0,96.0,400.0,9.636810515024565e-20,8.438028650973664e-16,8.63701980195987e-20,0,0,0
small_noise,1.0,1.0,0,96.0,500.0,6.149574140830362e-24,5.430325316223228e-20,5.596511852967995e-24,0,0,0
small_noise,1.0,1.0,0,96.0,600.0,3.931406863515022e-28,3.494706436747193e-24,3.623149267486864e-28,0,0,0
small_noise,1.0,1.0,0,96.0,700.0,2.520016005568626e-32,2.2490315713785526e-28,2.3434734003848012e-32,0,0,0
small_noise,1.0,1.0,0,96.0,800.0,1.6173665336681322e-36,1.4473727909934284e-32,1.5146415376129937e-36,0,0,0
small_noise,1.0,1.0,0,96.0,900.0,1.0385055628815302e-40,9.314622448025644e-37,9.782840138525873e-41,0,0,0
small_noise,1.0,1.0,0,96.0,1000.0,6.670334221914701e-45,5.994460576373872e-41,6.315031500039282e-45,0,0,0
small_noise,1.0,1.0,0,96.0,1100.0,4.2856746612100155e-49,3.857757821340054e-45,4.0746276989636916e-49,0,0,0
small_noise,1.0,1.0,0,96.0,1200.0,2.7541271801619656e-53,2.4826746658016824e-49,2.6279727065170676e-53,0,0,0
small_noise,1.0,1.0,0,96.0,1300.0,1.7701662748674408e-57,1.5977346898547517e-53,1.6943960479036437e-57,0,0,0
small_noise,1.0,1.0,0,96.0,1400.0,1.1378925404865311e-61,1.0282282146464598e-57,1.0921907377994214e-61,0,0,0
small_noise,1.0,1.0,0,96.0,1500.0,7.315232605689287e-66,6.6172016424777e-62,7.038692160591279e-66,0,0,0
small_noise,1.0,1.0,0,96.0,1600.0,4.703165620890114e-70,4.258525194454537e-66,4.535246340630256e-70,0,0,0
small_noise,1.0,1.0,0,96.0,1700.0,3.0240004950892462e-74,2.7405900275714878e-70,2.921791414604549e-74,0,0,0
small_noise,1.0,1.0,0,96.0,1800.0,1.9444738536751992e-78,1.7637170983524801e-74,1.8821223637216728e-78,0,0,0
small_noise,1.0,1.0,0,96.0,1900.0,1.2503909227941973e-82,1.135046822664449e-78,1.2122851695581874e-82,0,0,0
small_noise,1.0,1.0,0,96.0,2000.0,8.041035571509902e-87,7.304636842519216e-83,7.807770694513695e-87,0,0,0
small_noise,1.0,1.0,0,96.0,2100.0,5.171265704266169e-91,4.700926722638217e-87,5.028295133737816e-91,0,0,0
small_noise,1.0,1.0,0,96.0,2200.0,3.325849933623379e-95,3.025299207618473e-91,3.238083959199885e-95,0,0,0
small_noise,1.0,1.0,0,96.0,2300.0,2.139060969820902e-99,1.9469427701439478e-95,2.0851228985056243e-99,0,0,0
small_noise,1.0,1.0,0,96.0,2400.0,1.375820640307098e-103,1.2529623981225163e-99,1.3426357026792048e-103,0,0,0
small_noise,1.0,1.0,0,96.0,2500.0,8.849403206218523e-108,8.063486997066966e-104,8.645110412170775e-108,0,0,0
small_noise,1.0,1.0,0,96.0,2600.0,5.6921836346619585e-112,5.189287615438109e-108,5.566323084020153e-112,0,0,0
small_noise,1.0,1.0,0,96.0,2700.0,3.6614913618480406e-116,3.3395857109380155e-112,3.5838850749194006e-116,0,0,0
small_noise,1.0,1.0,0,96.0,2800.0,2.3553092817263477e-120,2.149203040417675e-116,2.3074386536267693e-120,0,0,0
small_noise,1.0,1.0,0,96.0,2900.0,1.5151297170290904e-124,1.3831277615699173e-120,1.4855824492305337e-124,0,0,0
small_noise,1.0,1.0,0,96.0,3000.0,9.746784740901641e-129,8.901171126454532e-125,9.564379700132167e-129,0,0,0
small_noise,1.0,1.0,0,96.0,3100.0,6.2701935343474394e-133,5.728382411506004e-129,6.157549232550939e-133,0,0,0
small_noise,1.0,1.0,0,96.0,3200.0,4.033758429670167e-137,3.686522209973711e-133,3.9641710152780923e-137,0,0,0
small_noise,1.0,1.0,0,96.0,3300.0,2.595055341205056e-141,2.3724753391693505e-137,2.5520610205381474e-141,0,0,0
small_noise,1.0,1.0,0,96.0,3400.0,1.6695133069172094e-145,1.526815495574314e-141,1.6429469073518384e-145,0,0,0
small_noise,1.0,1.0,0,96.0,3500.0,1.0740929522645034e-149,9.825878984023597e-146,1.0576688323189591e-149,0,0,0
small_noise,1.0,1.0,0,96.0,3600.0,6.910347428189563e-154,6.323481657641938e-150,6.808792717592018e-154,0,0,0
small_noise,1.0,1.0,0,96.0,3700.0,4.445936053671284e-158,4.069500585092693e-154,4.383140890707085e-158,0,0,0
small_noise,1.0,1.0,0,96.0,3800.0,2.8604328245675264e-162,2.6189425238635707e-158,2.8216022153754943e-162,0,0,0
small_noise,1.0,1.0,0,96.0,3900.0,1.8403755143993635e-166,1.6854303863294965e-162,1.8163574585216376e-166,0,0,0
small_noise,1.0,1.0,0,96.0,4000.0,1.1840933269494663e-170,1.084665112456197e-166,1.1692359971392494e-170,0,0,0
no_reaction,1.0,1.0,0,96.0,0.0,0.25990193010470647,17.353722610422786,0.0,1,1,3
no_reaction,1.0,1.0,0,96.0,100.0,7.534966051550081e-06,0.0011168053951940583,5.589987780278865e-62,0,0,0
no_reaction,1.0,1.0,0,96.0,200.0,2.795767199572171e-10,7.187243444731828e-08,4.0716249023386875e-36,0,0,0
no_reaction,1.0,1.0,0,96.0,300.0,1.2597305342582111e-14,4.6253777566023215e-12,9.009785161413454e-32,0,0,0
no_reaction,1.0,1.0,0,96.0,400.0,6.232856809117401e-19,2.9766793842155415e-16,9.377938655700415e-32,0,0,0
no_reaction,1.0,1.0,0,96.0,500.0,3.2573070329140355e-23,1.9156532985367647e-20,1.982807931606122e-33,0,0,0
no_reaction,1.0,1.0,0,96.0,600.0,1.7644505213268035e-27,1.2328259400909201e-24,6.037303582474176e-36,0,0,0
no_reaction,1.0,1.0,0,96.0,700.0,9.803034024779607e-32,7.933898058286315e-29,6.079183522257011e-39,0,0,0
no_reaction,1.0,1.0,0,96.0,800.0,5.549992703863847e-36,5.1058901627781345e-33,3.0637310798792223e-42,0,0,0
no_reaction,1.0,1.0,0,96.0,900.0,3.188206851989296e-40,3.285914964224477e-37,9.727550174880413e-46,0,0,0
no_reaction,1.0,1.0,0,96.0,1000.0,1.8528183482357706e-44,2.1146630279722916e-41,2.2342328043098407e-49,0,0,0
no_reaction,1.0,1.0,0,96.0,1100.0,1.0869755627068027e-48,1.3608994056632107e-45,4.053989642987869e-53,0,0,0
no_reaction,1.0,1.0,0,96.0,1200.0,6.427061218774471e-53,8.758119699621228e-50,6.163330594223855e-57,0,0,0
no_reaction,1.0,1.0,0,96.0,1300.0,3.8254169378085054e-57,5.636321123640489e-54,8.177961656163077e-61,0,0,0
no_reaction,1.0,1.0,0,96.0,1400.0,2.289825626867866e-61,3.627275819280011e-58,9.750945253435754e-65,0,0,0
no_reaction,1.0,1.0,0,96.0,1500.0,1.3773723420699244e-65,2.334347099910323e-62,1.0674012868616073e-68,0,0,0
no_reaction,1.0,1.0,0,96.0,1600.0,8.320639138271396e-70,1.5022779227032595e-66,1.0901239234642618e-72,0,0,0
no_reaction,1.0,1.0,0,96.0,1700.0,5.045422502328383e-74,9.667966503903038e-71,1.0515718574348672e-76,0,0,0
no_reaction,1.0,1.0,0,96.0,1800.0,3.0696605969195897e-78,6.221856482613961e-75,9.673387056134578e-81,0,0,0
no_reaction,1.0,1.0,0,96.0,1900.0,1.8731864302101107e-82,4.0040993185709976e-79,8.550295201397461e-85,0,0,0
no_reaction,1.0,1.0,0,96.0,2000.0,1.1461431187326212e-86,2.576853290940091e-83,7.305936131328073e-89,0,0,0
no_reaction,1.0,1.0,0,96.0,2100.0,7.029951762344503e-91,1.658343700974569e-87,6.064444216765885e-93,0,0,0
no_reaction,1.0,1.0,0,96.0,2200.0,4.32141074947199e-95,1.0672333734446846e-91,4.909837712164581e-97,0,0,0
no_reaction,1.0,1.0,0,96.0,2300.0,2.6618002738125766e-99,6.8682208201156725e-96,3.889926841200906e-101,0,0,0
no_reaction,1.0,1.0,0,96.0,2400.0,1.6425928356764173e-103,4.420069537519518e-100,3.0242014943263267e-105,0,0,0
no_reaction,1.0,1.0,0,96.0,2500.0,1.0153736174511501e-107,2.8445525017611415e-104,2.3124881577683853e-109,0,0,0
no_reaction,1.0,1.0,0,96.0,2600.0,6.286486908971465e-112,1.8306225426074175e-108,1.742597035350213e-113,0,0,0
no_reaction,1.0,1.0,0,96.0,2700.0,3.897872819728574e-116,1.178104074868591e-112,1.2962407126406038e-117,0,0,0
no_reaction,1.0,1.0,0,96.0,2800.0,2.4201474582491304e-120,7.581733420834557e-117,9.53156443668105e-122,0,0,0
no_reaction,1.0,1.0,0,96.0,2900.0,1.5045700641382385e-124,4.879253275735544e-121,6.936895550097565e-126,0,0,0
no_reaction,1.0,1.0,0,96.0,3000.0,9.364952704103177e-129,3.1400619366745666e-125,5.002066919099097e-130,0,0,0
no_reaction,1.0,1.0,0,96.0,3100.0,5.8356762321789605e-133,2.0207987593482817e-129,3.576992947025231e-134,0,0,0
no_reaction,1.0,1.0,0,96.0,3200.0,3.6403427133289314e-137,1.3004926998695628e-133,2.5387569637439662e-138,0,0,0
no_reaction,1.0,1.0,0,96.0,3300.0,2.2731844948613778e-141,8.369370055232376e-138,1.7896408740571154e-142,0,0,0
no_reaction,1.0,1.0,0,96.0,3400.0,1.4208450498595167e-145,5.386139816736066e-142,1.2537848657477551e-146,0,0,0
no_reaction,1.0,1.0,0,96.0,3500.0,8.889120444739958e-150,3.466270691100914e-146,8.73437482108409e-151,0,0,0
no_reaction,1.0,1.0,0,96.0,3600.0,5.5661279114508927e-154,2.2307316395039608e-150,6.053473122202334e-155,0,0,0
no_reaction,1.0,1.0,0,96.0,3700.0,3.488299782872387e-158,1.4355958004836495e-154,4.175710860043032e-159,0,0,0
no_reaction,1.0,1.0,0,96.0,3800.0,2.187892486552284e-162,9.23883117928328e-159,2.867992573258676e-163,0,0,0
no_reaction,1.0,1.0,0,96.0,3900.0,1.3733343548990918e-166,5.945684818145929e-163,1.961998250172404e-167,0,0,0
no_reaction,1.0,1.0,0,96.0,4000.0,8.626852751818847e-171,3.8263679972852835e-167,1.3372973898705624e-171,0,0,0
no_feed,1.0,1.0,0,96.0,0.0,0.25990193010470647,17.353722610422786,0.0,1,1,3
no_feed,1.0,1.0,0,96.0,100.0,0.026141262217132054,6.16552714162964,9.395841574635737e-62,0,0,0
no_feed,1.0,1.0,0,96.0,200.0,3.774050666181084e-05,0.011917917692656252,9.11564260529554e-34,0,0,0
no_feed,1.0,1.0,0,96.0,300.0,4.9997683167843566e-08,1.9796475215268478e-05,3.494560296597214e-27,0,0,0
no_feed,1.0,1.0,0,96.0,400.0,6.657170471838145e-11,3.287546109492711e-08,5.355602010035707e-25,0,0,0
no_feed,1.0,1.0,0,96.0,500.0,9.155112461485437e-14,5.4595354567877343e-11,8.563713452953124e-25,0,0,0
no_feed,1.0,1.0,0,96.0,600.0,1.2939144397801823e-16,9.066497137184324e-14,1.248989626078938e-25,0,0,0
no_feed,1.0,1.0,0,96.0,700.0,1.8680404993466324e-19,1.505647705544576e-16,4.677598943650827e-27,0,0,0
no_feed,1.0,1.0,0,96.0,800.0,2.742133885802106e-22,2.5003868405959396e-19,7.624574595040805e-29,0,0,0
no_feed,1.0,1.0,0,96.0,900.0,4.0788593344286967e-25,4.152322173110268e-22,7.228498379237115e-31,0,0,0
no_feed,1.0,1.0,0,96.0,1000.0,6.132706898057696e-28,6.895644765589071e-25,4.7269739114628255e-33,0,0,0
no_feed,1.0,1.0,0,96.0,1100.0,9.302859627024646e-31,1.1451403516114697e-27,2.371144898052342e-35,0,0,0
no_feed,1.0,1.0,0,96.0,1200.0,1.4217066741417907e-33,1.901702407050861e-30,9.779459817867577e-38,0,0,0
no_feed,1.0,1.0,0,96.0,1300.0,2.1864939540856636e-36,3.15810375548626e-33,3.4765059221436725e-40,0,0,0
no_feed,1.0,1.0,0,96.0,1400.0,3.381013798539668e-39,5.244574173875814e-36,1.1011420671722547e-42,0,0,0
no_feed,1.0,1.0,0,96.0,1500.0,5.2528661524790625e-42,8.709516974387718e-39,3.1829450904895517e-45,0,0,0
no_feed,1.0,1.0,0,96.0,1600.0,8.194897706277593e-45,1.446365012911799e-41,8.547038562970622e-48,0,0,0
no_feed,1.0,1.0,0,96.0,1700.0,1.2831559499022756e-47,2.4019377385993497e-44,2.160932298845656e-50,0,0,0
no_feed,1.0,1.0,0,96.0,1800.0,2.0157157629636976e-50,3.9888305155370736e-47,5.197631689237893e-53,0,0,0
no_feed,1.0,1.0,0,96.0,1900.0,3.1757450884448506e-53,6.624138763462645e-50,1.1990393815479837e-55,0,0,0
no_feed,1.0,1.0,0,96.0,2000.0,5.0165253076820685e-56,1.1000521126854727e-52,2.67008852165153e-58,0,0,0
no_feed,1.0,1.0,0,96.0,2100.0,7.943170033511375e-59,1.8268256355052675e-55,5.7694695713259263e-61,0,0,0
no_feed,1.0,1.0,0,96.0,2200.0,1.26044933207918e-61,3.033758004784109e-58,1.2147823562110737e-63,0,0,0
no_feed,1.0,1.0,0,96.0,2300.0,2.004089341085724e-64,5.0380766794123085e-61,2.501046303400272e-66,0,0,0
no_feed,1.0,1.0,0,96.0,2400.0,3.192263132207004e-67,8.366592387267365e-64,5.04960451083171e-69,0,0,0
no_feed,1.0,1.0,0,96.0,2500.0,5.093410477799574e-70,1.3894164902397972e-66,1.0021964623490443e-71,0,0,0
no_feed,1.0,1.0,0,96.0,2600.0,8.13941051580826e-73,2.3073649270737273e-69,1.959257580343616e-74,0,0,0
no_feed,1.0,1.0,0,96.0,2700.0,1.3025780456381062e-75,3.831776104637348e-72,3.779405078388057e-77,0,0,0
no_feed,1.0,1.0,0,96.0,2800.0,2.0873669439577962e-78,6.363322916020307e-75,7.204263798879511e-80,0,0,0
no_feed,1.0,1.0,0,96.0,2900.0,3.349195928372748e-81,1.0567391577118637e-77,1.358754844921567e-82,0,0,0
no_feed,1.0,1.0,0,96.0,3000.0,5.380164904668541e-84,1.7548970281394653e-80,2.5383662397804367e-85,0,0,0
no_feed,1.0,1.0,0,96.0,3100.0,8.652349592057586e-87,2.9143081875011254e-83,4.701570770111423e-88,0,0,0
no_feed,1.0,1.0,0,96.0,3200.0,1.3929298888450003e-89,4.8397097240175634e-86,8.641087871105106e-91,0,0,0
no_feed,1.0,1.0,0,96.0,3300.0,2.2446943370059473e-92,8.037169957935725e-89,1.5770567249980382e-93,0,0,0
no_feed,1.0,1.0,0,96.0,3400.0,3.620731701996304e-95,1.3347102329749173e-91,2.8599501151441937e-96,0,0,0
no_feed,1.0,1.0,0,96.0,3500.0,5.8455743267715504e-98,2.216515782709052e-94,5.156419401567414e-99,0,0,0
no_feed,1.0,1.0,0,96.0,3600.0,9.445655718933508e-101,3.6809054831683807e-97,9.247730478652814e-102,0,0,0
no_feed,1.0,1.0,0,96.0,3700.0,1.5275488728233018e-103,6.112776313940443e-100,1.6504931253537834e-104,0,0,0
no_feed,1.0,1.0,0,96.0,3800.0,2.4723025089219157e-106,1.015131587462226e-102,2.932631701381018e-107,0,0,0
no_feed,1.0,1.0,0,96.0,3900.0,4.004407487168352e-109,1.6858005052687734e-105,5.1894587043683e-110,0,0,0
no_feed,1.0,1.0,0,96.0,4000.0,6.49071952436576e-112,2.7995615333664345e-108,9.148438217137015e-113,0,0,0
seeded,1.0,0.5,0,96.0,0.0,0.25990193010470647,17.353722610422786,0.0,1,1,3
seeded,1.0,0.5,0,96.0,100.0,0.30634469188406244,43.186674984049006,7.503935099618782e-52,1,1,1
seeded,1.0,0.5,0,96.0,200.0,0.30576851456487203,45.17771198195544,3.7278406214358355e-35,1,1,1
seeded,1.0,0.5,0,96.0,300.0,0.31758073451884755,49.679918333105746,9.742348017943275e-31,1,1,1
seeded,1.0,0.5,0,96.0,400.0,0.348704927294222,56.16689181682026,2.5929034121579804e-29,1,1,3
seeded,1.0,0.5,0,96.0,500.0,0.3685544359058978,62.76492562307867,5.991861803546263e-29,1,3,3
seeded,1.0,0.5,0,96.0,600.0,0.3822710051110187,71.8717408601551,1.0628432740408436e-28,3,3,4
seeded,1.0,0.5,0,96.0,700.0,0.381255471471931,85.20412246828346,2.4411320150850234e-28,3,4,4
seeded,1.0,0.5,0,96.0,800.0,0.36211544043881333,94.66681771074428,9.450249617234785e-28,4,4,4
seeded,1.0,0.5,0,96.0,900.0,0.3609132715311655,106.96111135300598,6.739845484837475e-27,4,4,4
seeded,1.0,0.5,0,96.0,1000.0,0.3809388922355142,119.84957128265259,5.74539627455875e-26,4,4,6
seeded,1.0,0.5,0,96.0,1100.0,0.3776391799130018,133.26069133479453,3.1330765893659236e-25,4,6,6
seeded,1.0,0.5,0,96.0,1200.0,0.3759223519554431,144.25088191096165,8.727691143872292e-25,6,6,8
seeded,1.0,0.5,0,96.0,1300.0,0.3775139112979456,156.86975632089562,1.6068195255469719e-24,7,8,8
seeded,1.0,0.5,0,96.0,1400.0,0.3752791462796069,167.2224055487248,2.700467157789446e-24,8,8,8
seeded,1.0,0.5,0,96.0,1500.0,0.37148006482030704,181.49881922316138,7.668935253260697e-24,8,8,8
seeded,1.0,0.5,0,96.0,1600.0,0.36803159683375375,195.38601167839545,3.174662615925343e-23,8,8,8
seeded,1.0,0.5,0,96.0,1700.0,0.3901791733810391,216.40464499968556,1.6967391642771012e-22,8,8,10
seeded,1.0,0.5,0,96.0,1800.0,0.39232389066302625,250.15689489846568,8.763276571627018e-22,8,10,11
seeded,1.0,0.5,0,96.0,1900.0,0.394217708412509,291.0933975776218,4.44452036893323e-21,10,12,15
seeded,1.0,0.5,0,96.0,2000.0,0.38218568696717525,328.0556406805555,2.5629725870593498e-20,15,15,16
seeded,1.0,0.5,0,96.0,2100.0,0.3827470815081371,367.58654817427816,1.8681485201407792e-19,16,16,18
seeded,1.0,0.5,0,96.0,2200.0,0.3878909505779053,407.48039564345754,1.206743739041859e-18,18,18,21
seeded,1.0,0.5,0,96.0,2300.0,0.38340692029820345,440.13009941962275,5.725570900415622e-18,21,21,23
seeded,1.0,0.5,0,96.0,2400.0,0.37425747037212154,459.9339649153026,2.06423556707579e-17,22,23,24
seeded,1.0,0.5,0,96.0,2500.0,0.3822377133254707,491.8058052466743,6.600583005768882e-17,23,24,24
seeded,1.0,0.5,0,96.0,2600.0,0.39521914491357074,534.6265568646585,2.837924115283005e-16,24,24,27
seeded,1.0,0.5,0,96.0,2700.0,0.3885012685687539,583.072906451767,1.7678029647062664e-15,26,27,28
seeded,1.0,0.5,0,96.0,2800.0,0.386437288298008,633.120839951604,1.3648126968367967e-14,27,30,33
seeded,1.0,0.5,0,96.0,2900.0,0.37912203454982074,674.5233997501491,1.2642530141378118e-13,31,33,34
seeded,1.0,0.5,0,96.0,3000.0,0.38459188891332574,723.1545538204488,9.812575875562859e-13,32,34,37
seeded,1.0,0.5,0,96.0,3100.0,0.3952193913531492,766.24482370681,4.690416600375783e-12,33,35,40
seeded,1.0,0.5,0,96.0,3200.0,0.38679652121080244,803.1018941274958,1.6233300197954567e-11,36,38,42
seeded,1.0,0.5,0,96.0,3300.0,0.39487381351668543,839.6890849649029,5.541359758088606e-11,40,42,45
seeded,1.0,0.5,0,96.0,3400.0,0.38571644713701103,864.1084452496711,2.0249783974018784e-10,43,45,47
seeded,1.0,0.5,0,96.0,3500.0,0.3734539964157439,885.0425725424924,6.522364383597355e-10,45,46,47
seeded,1.0,0.5,0,96.0,3600.0,0.3783621207926341,900.1534603280361,2.0775130631663586e-09,46,47,48
seeded,1.0,0.5,0,96.0,3700.0,0.38504789117503263,916.8988320756264,7.135066767532795e-09,47,47,48
seeded,1.0,0.5,0,96.0,3800.0,0.3903896171194426,936.3322145111877,2.553701040919056e-08,48,48,52
seeded,1.0,0.5,0,96.0,3900.0,0.3974611648036127,956.6416471627228,1.1767617648174683e-07,48,50,53
seeded,1.0,0.5,0,96.0,4000.0,0.3854660277857164,969.5603389035591,7.073406319098722e-07,51,51,55
seeded,0.5,0.25,0,96.0,0.0,0.2599900270451405,19.073197915542167,0.0,1,1,2
seeded,0.5,0.25,0,96.0,100.0,0.2998172151410897,44.39338351573177,1.315376414091248e-59,1,1,1
seeded,0.5,0.25,0,96.0,200.0,0.2979497087679682,43.94259443477146,7.480957539412922e-37,1,1,1
seeded,0.5,0.25,0,96.0,300.0,0.30366805501417193,47.48285118846762,1.8030520292232638e-31,1,1,1
seeded,0.5,0.25,0,96.0,400.0,0.33730494794447186,49.38373619073754,8.8381816958887e-30,1,1,2
seeded,0.5,0.25,0,96.0,500.0,0.35890490197745084,51.87949587519897,2.116025060979704e-29,2,2,3
seeded,0.5,0.25,0,96.0,600.0,0.39459366445282557,61.48299513044945,2.899210878868248e-29,2,3,3
seeded,0.5,0.25,0,96.0,700.0,0.36995847985051394,72.53157790209488,4.2085973444079154e-29,3,3,3
seeded,0.5,0.25,0,96.0,800.0,0.3903133667549754,85.52320334929527,9.690008136828465e-29,3,3,4
seeded,0.5,0.25,0,96.0,900.0,0.3794206004204529,98.5054347679303,4.583706815699228e-28,4,4,4
seeded,0.5,0.25,0,96.0,1000.0,0.3854636385543819,112.21595973113224,2.519105846406958e-27,4,4,6
seeded,0.5,0.25,0,96.0,1100.0,0.3824803174819746,124.23870521063691,1.1997187793088274e-26,5,6,6
seeded,0.5,0.25,0,96.0,1200.0,0.3740387770570367,131.9779959017078,6.074331276341014e-26,6,6,6
seeded,0.5,0.25,0,96.0,1300.0,0.36469837257257076,143.34720410092712,3.0734600272643263e-25,6,6,6
seeded,0.5,0.25,0,96.0,1400.0,0.35608469402305776,150.9279352111261,1.4573281472117059e-24,6,6,6
seeded,0.5,0.25,0,96.0,1500.0,0.37524343760085893,160.35677664302222,6.650107713863499e-24,6,6,7
seeded,0.5,0.25,0,96.0,1600.0,0.37998438743095764,172.13616686526518,2.501710684398856e-23,6,7,7
seeded,0.5,0.25,0,96.0,1700.0,0.3948891929351425,187.20837519716906,7.291131143946733e-23,7,7,9
seeded,0.5,0.25,0,96.0,1800.0,0.38829978698422196,212.37902252776308,1.9386003906566925e-22,7,8,11
seeded,0.5,0.25,0,96.0,1900.0,0.3872803424289381,236.73580723550089,5.693516111362807e-22,9,11,11
seeded,0.5,0.25,0,96.0,2000.0,0.3785902251338023,263.4347426913188,2.1296493760811195e-21,11,11,11
seeded,0.5,0.25,0,96.0,2100.0,0.38797372042995704,300.0131478502012,1.0402202342333166e-20,11,11,14
seeded,0.5,0.25,0,96.0,2200.0,0.3917827619764943,330.09737304037225,5.999005026781637e-20,13,14,16
seeded,0.5,0.25,0,96.0,2300.0,0.38561987703610673,357.67088354475464,2.371117350850127e-19,15,17,18
seeded,0.5,0.25,0,96.0,2400.0,0.37977530506953794,383.8770250698487,4.923165479139137e-19,17,18,18
seeded,0.5,0.25,0,96.0,2500.0,0.3848806484043664,408.643870736095,9.127607178907962e-19,18,18,19
seeded,0.5,0.25,0,96.0,2600.0,0.38327859878363985,435.3004943370174,3.0312352935157937e-18,18,19,20
seeded,0.5,0.25,0,96.0,2700.0,0.40453496320995636,470.84417427733007,1.5983992193393357e-17,19,19,22
seeded,0.5,0.25,0,96.0,2800.0,0.38864659348063213,510.0789913349443,9.620887164020946e-17,21,22,25
seeded,0.5,0.25,0,96.0,2900.0,0.3861782942330494,541.4501278713525,6.548607241662235e-16,23,25,26
seeded,0.5,0.25,0,96.0,3000.0,0.3860747032899523,584.6872374051653,5.221529790781921e-15,25,26,29
seeded,0.5,0.25,0,96.0,3100.0,0.3906297379947583,624.7055167619212,4.3443914382982186e-14,28,30,30
seeded,0.5,0.25,0,96.0,3200.0,0.38744539083954904,667.992273547427,3.0267023022681837e-13,30,30,35
seeded,0.5,0.25,0,96.0,3300.0,0.3833650986369508,704.71601794649,1.3937734187240787e-12,32,33,36
seeded,0.5,0.25,0,96.0,3400.0,0.388290455873877,738.7882278653292,3.928700138472816e-12,34,35,38
seeded,0.5,0.25,0,96.0,3500.0,0.3842823553252357,773.2979858618521,9.085260747333757e-12,36,38,39
seeded,0.5,0.25,0,96.0,3600.0,0.3864181468896127,801.8112449598837,2.7252705291985793e-11,39,39,42
seeded,0.5,0.25,0,96.0,3700.0,0.3861482743831288,829.7993554054051,1.0626449968733393e-10,39,41,44
seeded,0.5,0.25,0,96.0,3800.0,0.38699466264161453,851.4315504030094,5.37557208570742e-10,41,42,45
seeded,0.5,0.25,0,96.0,3900.0,0.3921812719438795,878.0282162082549,3.31348179817099e-09,42,44,46
seeded,0.5,0.25,0,96.0,4000.0,0.39097528380531194,905.4056322365982,2.233916808598265e-08,43,45,47
seeded,1.0,1.0,0,144.0,0.0,0.25990193010470647,17.353722610422786,0.0,1,1,3
seeded,1.0,1.0,0,144.0,100.0,0.3061334463953166,43.12916211158584,0.0,1,1,1
seeded,1.0,1.0,0,144.0,200.0,0.3059824442996482,45.215239095092166,4.840554151382083e-72,1,1,1
seeded,1.0,1.0,0,144.0,300.0,0.31735565381436365,49.64330893186429,1.336434807884167e-54,1,1,1
seeded,1.0,1.0,0,144.0,400.0,0.3488756680852405,56.2089881500939,2.5041505951076112e-48,1,1,3
seeded,1.0,1.0,0,144.0,500.0,0.36838887796681863,62.670217953126965,9.489903710677357e-46,1,3,3
seeded,1.0,1.0,0,144.0,600.0,0.3821405158465176,71.84358583549727,9.180359960327144e-45,3,3,4
seeded,1.0,1.0,0,144.0,700.0,0.3814751721699694,85.12245714956615,1.884177937972369e-44,3,4,4
seeded,1.0,1.0,0,144.0,800.0,0.36233992297815476,94.6160157468664,3.4473375682815313e-44,4,4,4
seeded,1.0,1.0,0,144.0,900.0,0.36084803442155344,106.9299109032381,8.965671391379324e-44,4,4,4
seeded,1.0,1.0,0,144.0,1000.0,0.3806831261505621,119.80559027382111,3.915830845608876e-43,4,4,6
seeded,1.0,1.0,0,144.0,1100.0,0.37769734016626305,133.1940468968001,3.1167789052443066e-42,4,6,6
seeded,1.0,1.0,0,144.0,1200.0,0.3759457895122307,144.1694082351945,2.4037466829930127e-41,6,6,8
seeded,1.0,1.0,0,144.0,1300.0,0.37766180288381157,156.8204326083963,1.0910141849591738e-40,7,8,8
seeded,1.0,1.0,0,144.0,1400.0,0.37515360510835744,167.10727765590994,2.766017074997457e-40,8,8,8
seeded,1.0,1.0,0,144.0,1500.0,0.37154519790372087,181.39849110814413,4.97664216106423e-40,8,8,8
seeded,1.0,1.0,0,144.0,1600.0,0.36821132491739617,195.18840436585552,9.398470466135584e-40,8,8,8
seeded,1.0,1.0,0,144.0,1700.0,0.38932999309956273,215.91201295527418,3.0021721582259865e-39,8,8,10
seeded,1.0,1.0,0,144.0,1800.0,0.392604713947989,249.3091957259322,1.396202291144609e-38,8,10,11
seeded,1.0,1.0,0,144.0,1900.0,0.3955568976362278,290.29821858062564,7.642564434339325e-38,10,12,15
seeded,1.0,1.0,0,144.0,2000.0,0.3813804081641455,327.4962230229622,3.978819273881425e-37,15,15,16
seeded,1.0,1.0,0,144.0,2100.0,0.38343809491798186,366.6721266553851,2.1409464564558695e-36,16,16,18
seeded,1.0,1.0,0,144.0,2200.0,0.38761733287298555,407.12299455583536,1.4246374675766152e-35,18,18,21
seeded,1.0,1.0,0,144.0,2300.0,0.38286640864210963,440.00472532906167,1.0741376409456012e-34,20,21,23
seeded,1.0,1.0,0,144.0,2400.0,0.374103862376861,459.56969367324916,6.1493380319974984e-34,22,23,24
seeded,1.0,1.0,0,144.0,2500.0,0.3825572116580185,491.42427029741145,2.5325954041791674e-33,23,24,24
seeded,1.0,1.0,0,144.0,2600.0,0.39539334982651403,534.3604423449677,8.450975654099578e-33,24,24,27
seeded,1.0,1.0,0,144.0,2700.0,0.3875130630547343,582.381784397023,2.581376207354522e-32,26,27,28
seeded,1.0,1.0,0,144.0,2800.0,0.38789734866863024,632.1623799891576,1.2646245870685229e-31,27,29,33
seeded,1.0,1.0,0,144.0,2900.0,0.38145224735130034,673.8224195442924,7.741718841017509e-31,31,34,34
seeded,1.0,1.0,0,144.0,3000.0,0.3843685295602301,723.3997843130805,6.456812174827686e-30,32,35,37
seeded,1.0,1.0,0,144.0,3100.0,0.39346606240023585,772.4182466492256,5.690799899814199e-29,33,37,40
seeded,1.0,1.0,0,144.0,3200.0,0.38611384945598065,817.1198594330981,3.8652518641765488e-28,36,39,42
seeded,1.0,1.0,0,144.0,3300.0,0.3940408187073961,864.0126286486413,1.7155006560253395e-27,41,41,46
seeded,1.0,1.0,0,144.0,3400.0,0.37793543430018517,899.8685155002174,6.291620383483542e-27,43,46,47
seeded,1.0,1.0,0,144.0,3500.0,0.373832404626354,930.4235997272051,2.9703272570475587e-26,46,46,48
seeded,1.0,1.0,0,144.0,3600.0,0.37483079162677074,964.8979349895139,1.1730681311149201e-25,46,46,48
seeded,1.0,1.0,0,144.0,3700.0,0.388884447382661,1000.621798173429,3.9421717463721674e-25,45,47,52
seeded,1.0,1.0,0,144.0,3800.0,0.39255167478396175,1044.0183044148494,1.2825984452029692e-24,44,49,57
seeded,1.0,1.0,0,144.0,3900.0,0.3944550841853318,1086.7749982156054,3.757667977117682e-24,48,53,59
seeded,1.0,1.0,0,144.0,4000.0,0.39142332123178725,1126.6953728388808,1.4398660866235035e-23,54,56,60
