mode,distance,seed,correlation,sign_fidelity,response_effect,shuffled_effect
gated,0,0,0.9999999999999998,1.0,0.7615941559557649,0.0021051220314547425
gated,0,1,1.0,1.0,0.7615941559557649,0.013099150024237338
gated,0,2,1.0,1.0,0.761594155955765,-0.007678252624652826
gated,0,3,1.0,1.0,0.7615941559557651,-0.013408521160241826
gated,0,4,1.0,1.0,0.7615941559557652,-0.007089807092236278
gated,0,5,0.9999999999999998,1.0,0.7615941559557651,0.004258111248950036
gated,0,6,1.0,1.0,0.7615941559557651,-0.005798060988395526
gated,0,7,0.9999999999999999,1.0,0.7615941559557652,0.0053178231549447785
gated,0,8,1.0,1.0,0.7615941559557649,-0.007407767498453621
gated,0,9,1.0,1.0,0.7615941559557649,-0.003095316750076238
gated,10,0,0.9058172313149953,0.9529,0.6898155876557486,0.004660819386284709
gated,10,1,0.9057999728999947,0.9529,0.68985186924621,0.008986448710204598
gated,10,2,0.9026152759789441,0.9513,0.687352665956274,-0.008191456336436254
gated,10,3,0.8995997802597737,0.9498,0.6851274688585195,-0.008841123307464449
gated,10,4,0.9044408828910786,0.9522,0.6888539246235036,-0.008537114384373767
gated,10,5,0.9072149488543666,0.9536,0.6909303770908803,0.0006152212961726411
gated,10,6,0.9118052067528726,0.9559,0.6944300028655113,-0.005636418149844169
gated,10,7,0.9073825215133614,0.9537,0.6910708699246005,0.0015248017826762217
gated,10,8,0.9084136818225028,0.9542,0.6918779771418456,-0.010704604270764473
gated,10,9,0.8992198229125351,0.9496,0.6848619848985604,-7.3117718504267515e-06
gated,40,0,0.6755891538445195,0.8378,0.5145259451340995,0.0027162471826991386
gated,40,1,0.6680274997030086,0.834,0.5087488263712757,0.006096502485634314
gated,40,2,0.6639705746940473,0.832,0.5056723064068914,-0.005551100166550249
gated,40,3,0.6676080964052175,0.8338,0.5084263710530025,-0.0006260949300349594
gated,40,4,0.6657952109483054,0.8329,0.5070878009874822,-0.008719551148969051
gated,40,5,0.6803967820051683,0.8402,0.5181809895158817,0.0005969428719239112
gated,40,6,0.6624192040633818,0.8312,0.5044952807286135,0.003664473004834301
gated,40,7,0.6749580738432179,0.8375,0.5140736877169159,0.0027796964035489147
gated,40,8,0.6788138773303438,0.8394,0.5170110833403369,-0.00794545949310932
gated,40,9,0.6535138793955043,0.8267,0.49770987261127353,-0.0077163565596387595
gated,100,0,0.38318087786511523,0.6916,0.29182962469107243,-0.0015470057417841243
gated,100,1,0.36859970429985595,0.6843,0.28072334138050314,0.01050963757046397
gated,100,2,0.36115541316025035,0.6806,0.2750566248080839,-0.0006627929207392302
gated,100,3,0.3723941172787225,0.6862,0.2836112548444678,-0.0033590760687705057
gated,100,4,0.36779409392136914,0.6839,0.2801240352702078,-0.012055085048076841
gated,100,5,0.3608139091672817,0.6804,0.2747934128699465,-0.004561837731883345
gated,100,6,0.34618408532137446,0.6731,0.26364373465961854,0.004089082481601558
gated,100,7,0.3777618880602512,0.6889,0.2877279208015133,0.0080092771628536
gated,100,8,0.3764515758974269,0.6882,0.2867204781694437,0.002762557147521494
gated,100,9,0.3547329310755252,0.6774,0.2701431600485824,-0.0013063699039690402
slow_dial,0,0,0.9999999999999998,1.0,0.7615941559557649,0.0014958247719889517
slow_dial,0,1,1.0,1.0,0.7615941559557649,-0.006702305159136723
slow_dial,0,2,1.0,1.0,0.761594155955765,0.00268026693643042
slow_dial,0,3,1.0,1.0,0.7615941559557651,0.002432728529236372
slow_dial,0,4,1.0,1.0,0.7615941559557652,0.014237135996689632
slow_dial,0,5,0.9999999999999998,1.0,0.7615941559557651,-0.002139337238114658
slow_dial,0,6,1.0,1.0,0.7615941559557651,-0.002447003272482151
slow_dial,0,7,0.9999999999999999,1.0,0.7615941559557652,0.006231936369450075
slow_dial,0,8,1.0,1.0,0.7615941559557649,-0.0046656845701300576
slow_dial,0,9,1.0,1.0,0.7615941559557649,-0.001572030947873282
slow_dial,10,0,0.9508690647547938,0.9987,0.708251357523258,0.001692609520046906
slow_dial,10,1,0.9517407069741223,0.9991,0.7104603874183227,-0.007605211083881125
slow_dial,10,2,0.9509152759456668,0.9991,0.7087317334821425,0.0030761602500911644
slow_dial,10,3,0.9518866455510874,0.9993,0.7108462764377455,0.003486335448333766
slow_dial,10,4,0.9512435071147385,0.9989,0.7099524204802136,0.010110626790586608
slow_dial,10,5,0.9506233982956727,0.9986,0.7094847473045346,-0.0037365687994999064
slow_dial,10,6,0.9499047403792542,0.9989,0.7091428145787372,-0.00030469467092775204
slow_dial,10,7,0.952032585424958,0.9993,0.7116918130465861,0.007002982016977022
slow_dial,10,8,0.9523540155379121,0.9989,0.7121598924294967,-0.002341974244782996
slow_dial,10,9,0.9514650712358415,0.9992,0.7104731941218371,0.00027641925805577117
slow_dial,40,0,0.8166426833675745,0.924,0.5737970799474782,0.002269835387257668
slow_dial,40,1,0.8205598236532538,0.9249,0.5785236272237579,-0.007906318722417649
slow_dial,40,2,0.8171142730403794,0.9215,0.574727083010908,0.0036717339012675154
slow_dial,40,3,0.8212759082970824,0.9243,0.5788428668961109,0.004060809902254214
slow_dial,40,4,0.8189615624472482,0.9189,0.5775866448354948,0.003444092286042477
slow_dial,40,5,0.8170283248053274,0.9218,0.5760083809807374,-0.005697218013233085
slow_dial,40,6,0.8149827069258021,0.9213,0.5752174269782462,0.0023080038773752865
slow_dial,40,7,0.8222763858269371,0.9248,0.5815897822808076,0.007405947803030832
slow_dial,40,8,0.8233334241386117,0.9277,0.5825997494593832,0.0009733743211099988
slow_dial,40,9,0.8198606984725466,0.9246,0.5779649978957642,0.002566165377629881
slow_dial,100,0,0.6012438613690941,0.77,0.39287702291648197,0.0033423268321306487
slow_dial,100,1,0.6098318871780444,0.7769,0.39951773637380017,-0.00834186409067772
slow_dial,100,2,0.6026781687429026,0.7766,0.39425559504674224,0.004361917804217352
slow_dial,100,3,0.6115003010344444,0.7742,0.39960055725576993,0.0048976565591942745
slow_dial,100,4,0.6072920142143264,0.7803,0.3994743606372897,-0.003237428345677862
slow_dial,100,5,0.6043484579206098,0.7741,0.3962777558310737,-0.007077420224348097
slow_dial,100,6,0.601651709914143,0.774,0.3957797332991745,0.004617471883123336
slow_dial,100,7,0.6142326489190676,0.7837,0.4051598595651861,0.00823815361659852
slow_dial,100,8,0.6159737639806965,0.786,0.4050073039921456,0.004509231816213433
slow_dial,100,9,0.609119289783976,0.7766,0.3981501433480825,0.004017189794512932
fast_dial,0,0,0.9999999999999998,1.0,0.7615941559557649,0.0014958247719889517
fast_dial,0,1,1.0,1.0,0.7615941559557649,-0.006702305159136723
fast_dial,0,2,1.0,1.0,0.761594155955765,0.00268026693643042
fast_dial,0,3,1.0,1.0,0.7615941559557651,0.002432728529236372
fast_dial,0,4,1.0,1.0,0.7615941559557652,0.014237135996689632
fast_dial,0,5,0.9999999999999998,1.0,0.7615941559557651,-0.002139337238114658
fast_dial,0,6,1.0,1.0,0.7615941559557651,-0.002447003272482151
fast_dial,0,7,0.9999999999999999,1.0,0.7615941559557652,0.006231936369450075
fast_dial,0,8,1.0,1.0,0.7615941559557649,-0.0046656845701300576
fast_dial,0,9,1.0,1.0,0.7615941559557649,-0.001572030947873282
fast_dial,10,0,0.35192321721179387,0.6456,0.0477043155967547,0.00027351892979532444
fast_dial,10,1,0.3641131831067293,0.6494,0.04932760148374882,-0.0016498175758361544
fast_dial,10,2,0.35439724826489327,0.6506,0.048091265874911526,0.0005115328566971389
fast_dial,10,3,0.3666006240916452,0.6511,0.049685804074423134,0.0016501105127102456
fast_dial,10,4,0.3615745452885906,0.6504,0.04919841802546632,-0.001272529117258392
fast_dial,10,5,0.3588184942308943,0.6485,0.049056983182052205,-0.0011295143721200551
fast_dial,10,6,0.35693591973563316,0.6489,0.04914048757099565,0.0017026613806695456
fast_dial,10,7,0.3711071403489396,0.6612,0.05041587066334574,0.0017849974677079938
fast_dial,10,8,0.37294559665797955,0.6543,0.05051019331367934,0.0013955601941468831
fast_dial,10,9,0.364015707597932,0.653,0.049457187108677525,0.0013531921603715524
fast_dial,40,0,-0.009810682057848694,0.4928,-0.001239947914337014,0.00017319713527275127
fast_dial,40,1,0.003047931253871575,0.499,0.0003806009155725709,-0.0012227968935377698
fast_dial,40,2,-0.006580379890776321,0.4912,-0.0008507361207983344,0.0003331531555637035
fast_dial,40,3,0.005848862019607269,0.5031,0.0007399372505808577,0.0015131684712872406
fast_dial,40,4,0.0019049525573729678,0.5048,0.0002589708518712097,-0.0021780291600602686
fast_dial,40,5,0.0010210897436276826,0.5016,0.00012721798044901256,-0.00097703049865272
fast_dial,40,6,0.0017828933950216118,0.5007,0.00022346001956619066,0.0018726758104771202
fast_dial,40,7,0.01153593946043863,0.5078,0.0014717932955363722,0.0014001485354705467
fast_dial,40,8,0.01254991014627329,0.5052,0.0015605076487208436,0.001698643487728857
fast_dial,40,9,0.004269080525863943,0.4991,0.0005160875788490227,0.0014599608200446257
fast_dial,100,0,-0.009858231739017419,0.4928,-0.001245992841318433,0.00017318463694149244
fast_dial,100,1,0.0030001144590177586,0.499,0.0003745549464327924,-0.0012227435941514209
fast_dial,100,2,-0.006627907550795738,0.4912,-0.0008567809151069916,0.0003331309451881648
fast_dial,100,3,0.005801012141812278,0.5031,0.0007338912582042223,0.0015131509067605187
fast_dial,100,4,0.0018573812083107336,0.5048,0.0002529258496850595,-0.0021781400412768104
fast_dial,100,5,0.0009738277417947719,0.5016,0.00012117426127322695,-0.0009770112024954924
fast_dial,100,6,0.001736010485156438,0.5007,0.00021741784163009648,0.0018726960077734
fast_dial,100,7,0.011488106002743751,0.5078,0.0014657471862187244,0.0014001003861021655
fast_dial,100,8,0.012501920120698532,0.5051,0.0015544608440902774,0.0016986801564340404
fast_dial,100,9,0.0042214297724146735,0.4991,0.0005100423066730642,0.0014599733924270941
