q,base_r100,base_r1e8,n40_r1e8
0.00,0.295816024604,0.292893221742,0.298070891199
0.01,0.294709756968,0.291660669259,0.296869152528
0.02,0.293594169295,0.29041348573,0.295653148586
0.03,0.292469216384,0.289151411063,0.294422625786
0.04,0.291334855091,0.287874179012,0.293177324537
0.05,0.290191044436,0.286581516992,0.291916979067
0.06,0.28903774571,0.285273145889,0.290641317242
0.07,0.287874922587,0.283948779871,0.289350060374
0.08,0.286702541237,0.282608126181,0.288042923026
0.09,0.28552057044,0.281250884931,0.286719612808
0.10,0.284328981707,0.27987674889,0.285379830167
0.11,0.283127749397,0.278485403252,0.284023268171
0.12,0.281916850839,0.277076525415,0.28264961228
0.13,0.28069626646,0.275649784735,0.281258540116
0.14,0.279465979904,0.274204842279,0.279849721222
0.15,0.278225978165,0.272741350573,0.278422816809
0.16,0.276976251712,0.271258953333,0.276977479499
0.17,0.275716794624,0.269757285191,0.275513353061
0.18,0.274447604718,0.268235971413,0.274030072128
0.19,0.273168683682,0.266694627607,0.272527261916
0.20,0.271880037214,0.265132859413,0.271004537928
0.21,0.270581675152,0.263550262201,0.269461505646
0.22,0.269273611609,0.261946420736,0.267897760217
0.23,0.267955865116,0.260320908853,0.266312886131
0.24,0.26662845875,0.25867328911,0.264706456882
0.25,0.265291420277,0.257003112435,0.263078034624
0.26,0.263944782285,0.25530991776,0.261427169816
0.27,0.262588582322,0.253593231653,0.259753400861
0.28,0.261222863029,0.251852567926,0.258056253728
0.29,0.259847672277,0.250087427254,0.256335241573
0.30,0.258463063298,0.248297296767,0.254589864347
0.31,0.257069094818,0.246481649646,0.252819608404
0.32,0.255665831188,0.244639944713,0.251023946095
0.33,0.254253342511,0.242771626014,0.249202335363
0.34,0.252831704768,0.240876122399,0.247354219339
0.35,0.251400999938,0.23895284711,0.245479025932
0.36,0.249961316124,0.237001197363,0.243576167429
0.37,0.248512747666,0.235020553948,0.2416450401
0.38,0.247055395251,0.233010280836,0.239685023815
0.39,0.245589366029,0.230969724803,0.237695481683
0.40,0.244114773711,0.228898215088,0.235675759711
0.41,0.242631738673,0.226795063075,0.233625186499
0.42,0.241140388046,0.224659562025,0.231543072974
0.43,0.239640855811,0.222490986857,0.229428712186
0.44,0.238133282875,0.220288594009,0.227281379158
0.45,0.236617817156,0.218051621367,0.225100330833
0.46,0.235094613645,0.215779288316,0.222884806108
0.47,0.233563834476,0.213470795906,0.220634026008
0.48,0.232025648978,0.21112532717,0.218347193991
0.49,0.230480233724,0.208742047632,0.216023496442
0.50,0.228927772571,0.206320106026,0.213662103376
0.51,0.227368456693,0.203858635274,0.211262169392
0.52,0.225802484602,0.201356753771,0.208822834926
0.53,0.224230062162,0.198813567025,0.206343227849
0.54,0.222651402596,0.196228169722,0.203822465479
0.55,0.221066726477,0.193599648275,0.201259657068
0.56,0.219476261713,0.190927083941,0.198653906842
0.57,0.217880243525,0.188209556605,0.19600431769
0.58,0.216278914406,0.185446149314,0.193309995581
0.59,0.214672524079,0.18263595368,0.190570054838
0.60,0.213061329434,0.179778076288,0.187783624381
0.61,0.211445594464,0.176871646221,0.184949855065
0.62,0.209825590179,0.173915823866,0.18206792827
0.63,0.208201594521,0.170909811164,0.179137065885
0.64,0.206573892254,0.167852863451,0.176156541865
0.65,0.204942774856,0.164744303091,0.173125695514
0.66,0.203308540387,0.161583535062,0.170043946685
0.67,0.201671493351,0.158370064686,0.166910813069
0.68,0.200031944553,0.155103517672,0.16372592973
0.69,0.198390210929,0.151783662622,0.160489071057
0.70,0.19674661538,0.148410436152,0.157200175248
0.71,0.195101486585,0.144983970695,0.153859371428
0.72,0.193455158805,0.141504625054,0.150467009427
0.73,0.191807971682,0.137973017652,0.147023692211
0.74,0.190160270016,0.134390062375,0.143530310815
0.75,0.188512403546,0.130757006754,0.139988081585
0.76,0.186864726704,0.127075472126,0.136398585323
0.77,0.185217598377,0.123347495219,0.132763807839
0.78,0.183571381647,0.119575570435,0.129086181175
0.79,0.181926443526,0.115762691896,0.125368624598
0.80,0.180283154686,0.111912394064,0.121614584212
0.81,0.178641889179,0.10802878955,0.117828069812
0.82,0.177003024145,0.104116602448,0.114013687387
0.83,0.175366939525,0.100181195347,0.110176665464
0.84,0.173734017754,0.0962285879826,0.106322873283
0.85,0.172104643461,0.0922654653695,0.102458828735
0.86,0.170479203154,0.0882991732323,0.0985916939015
0.87,0.168858084911,0.0843376986171,0.0947292561517
0.88,0.167241678063,0.0803896337878,0.0908798929431
0.89,0.165630372871,0.0764641218707,0.0870525188239
0.90,0.164024560206,0.0725707832351,0.0832565136542
0.91,0.162424631232,0.0687196222921,0.0795016317348
0.92,0.16083097708,0.0649209152223,0.0757978923417
0.93,0.159243988527,0.0611850800967,0.0721554530942
0.94,0.157664055679,0.0575225318609,0.0685844685643
0.95,0.156091567658,0.0539435256648,0.0650949375232
0.96,0.154526912281,0.050457992945,0.0616965431214
0.97,0.152970475757,0.0470753754345,0.0583984910487
0.98,0.151422642385,0.0438044627994,0.0552093512294
0.99,0.14988379425,0.0406532398211,0.0521369088256
1.00,0.148354310941,0.0376287489151,0.0491880301923
1.01,0.146834569258,0.034736973282,0.04636854895
1.02,0.145324942948,0.0319827451516,0.0436831765228
1.03,0.143825802432,0.0293696824532,0.0411354403919
1.04,0.142337514552,0.0269001559057,0.0387276520081
1.05,0.140860442329,0.0245752870723,0.0364609048955
1.06,0.139394944727,0.0223949764799,0.0343351020679
1.07,0.137941376433,0.0203579595616,0.0323490105726
1.08,0.136500087652,0.0184618870433,0.0305003398672
1.09,0.135071423908,0.0167034255266,0.0287858398884
1.10,0.133655725868,0.0150783734612,0.0272014141247
1.11,0.132253329174,0.0135817874624,0.0257422427759
1.12,0.130864564293,0.0122081139912,0.0244029111415
1.13,0.129489756385,0.0109513217402,0.0231775386967
1.14,0.128129225182,0.00980503059811,0.0220599048332
1.15,0.126783284885,0.00876263373568,0.0210435678923
1.16,0.125452244083,0.00781741010329,0.0201219748507
1.17,0.12413640568,0.00696262539463,0.0192885597598
1.18,0.12283606685,0.00619162026423,0.0185368297576
1.19,0.121551519002,0.00549788524912,0.0178604381179
1.20,0.120283047761,0.00487512241464,0.0172532443543
1.21,0.119030932978,0.00431729420598,0.0167093618508
1.22,0.117795448748,0.00381866033864,0.0162231938302
1.23,0.116576863448,0.00337380380691,0.0157894587117
1.24,0.115375439794,0.00297764724042,0.0154032060594
1.25,0.11419143492,0.0026254609083,0.0150598243856
1.26,0.113025100467,0.00231286367376,0.0147550420819
1.27,0.111876682694,0.00203581815494,0.0144849227011
1.28,0.110746422608,0.00179062126335,0.0142458557318
1.29,0.109634556109,0.00157389118394,0.0140345439043
1.30,0.108541314152,0.00138255173931,0.0138479879458
1.31,0.107466922923,0.00121381495456,0.0136834695807
1.32,0.106411604038,0.00106516251493,0.0135385334521
1.33,0.105375574754,0.000934326689754,0.0134109685225
1.34,0.104359048189,0.000819271187768,0.0132987894081
1.35,0.10336223357,0.000718172310475,0.0132002180027
1.36,0.102385336481,0.000629400684601,0.0131136656675
1.37,0.101428559137,0.00055150378068,0.0130377161862
1.38,0.100492100659,0.000483189362355,0.0129711096283
1.39,0.0995761573739,0.00042330995933,0.0129127272103
1.40,0.0986809231105,0.000370848414892,0.0128615772045
1.41,0.09780658952,0.000324904525521,0.0128167819124
1.42,0.0969533463978,0.000284682764122,0.012777565695
1.43,0.0961213820164,0.000249481058754,0.0127432440323
1.44,0.0953108834653,0.000218680584447,0.0127132135698
1.45,0.094522036998,0.00019173651568,0.0126869431028
1.46,0.0937550283838,0.00016816968075,0.0126639654387
1.47,0.0930100432638,0.000147559055635,0.0126438700792
1.48,0.0922872675103,0.000129535033624,0.0126262966578
1.49,0.0915868875868,0.000113773407294,0.0126109290721
1.50,0.0909090909091,9.99900009999e-05,0.012597490251
1.51,0.0902540662045,8.7935894558e-05,0.0125857374972
1.52,0.089622003868,7.73931818748e-05,0.0125754583523
1.53,0.089013096314,6.81712118197e-05,0.0125664669315
1.54,0.0884275383216,6.01032623258e-05,0.0125586006808
1.55,0.0878655273717,5.30436025134e-05,0.0125517175125
1.56,0.0873272639736,4.68649013919e-05,0.0125456932789
1.57,0.0868129519797,4.14559453614e-05,0.0125404195467
1.58,0.0863227988853,3.67196302485e-05,0.0125358016395
1.59,0.0858570161125,3.25711969258e-05,0.012531756917
1.60,0.0854158192741,2.89366826748e-05,0.0125282132656
1.61,0.0849994284166,2.57515633369e-05,0.0125251077743
1.62,0.0846080682393,2.29595639546e-05,0.0125223855749
1.63,0.084241968286,2.05116180468e-05,0.0125199988276
1.64,0.0839013631081,1.83649578855e-05,0.0125179058339
1.65,0.0835864923943,1.64823201701e-05,0.0125160702622
1.66,0.0832976010668,1.48312533333e-05,0.012514460472
1.67,0.0830349393374,1.33835143866e-05,0.0125130489265
1.68,0.0827987627241,1.21145447298e-05,0.0125118116811
1.69,0.0825893320228,1.10030157447e-05,0.0125107279404
1.70,0.0824069132319,1.00304362706e-05,0.0125097796754
1.71,0.0822517774264,9.18081526132e-06,0.0125089512949
1.72,0.0821242005799,8.4403740711e-06,0.0125082293647
1.73,0.0820244633288,7.7973039476e-06,0.0125076023713
1.74,0.0819528506791,7.24156547282e-06,0.0125070605263
1.75,0.0819096516512,6.76472794815e-06,0.0125065956097
1.76,0.0818951588599,6.35984815162e-06,0.0125062008519
1.77,0.0819096680291,6.02138962317e-06,0.0125058708549
1.78,0.081953477438,5.74518582813e-06,0.0125056015562
1.79,0.0820268872967,5.52845345907e-06,0.0125053902421
1.80,0.082130199051,5.3698661322e-06,0.0125052356195
1.81,0.0822637146152,5.26970436938e-06,0.0125051379618
1.82,0.0824277355317,5.2301058666e-06,0.0125050993532
1.83,0.0826225620584,5.25545190506e-06,0.0125051240656
1.84,0.0828484921843,5.35294329755e-06,0.0125052191197
1.85,0.0831058205735,5.53344544515e-06,0.0125053951093
1.86,0.0833948374418,5.81272143255e-06,0.0125056674034
1.87,0.083715827366,6.21323150697e-06,0.0125060579007
1.88,0.0840690680303,6.76676716872e-06,0.012506597598
1.89,0.0844548289145,7.51832393415e-06,0.0125073303658
1.90,0.0848733699273,8.53182114223e-06,0.0125083185256
1.91,0.0853249399917,9.89858160304e-06,0.0125096511171
1.92,0.0858097755875,1.17499304765e-05,0.0125114561822
1.93,0.0863280992596,1.42759124543e-05,0.0125139190146
1.94,0.0868801180979,1.77530106736e-05,0.0125173091854
1.95,0.0874660221998,2.25849106593e-05,0.0125220202879
1.96,0.0880859831217,2.93617550974e-05,0.0125286277112
1.97,0.0887401523314,3.89448123598e-05,0.0125379711921
1.98,0.0894286596707,5.25846339343e-05,0.0125512700181
1.99,0.0901516118391,7.2080881143e-05,0.0125702788591
2.00,0.0909090909091,9.99900009999e-05,0.012597490251
2.01,0.091701152885,0.000139881604804,0.0126363845647
2.02,0.0925278263159,0.00019663483734,0.0126917189664
2.03,0.093389110974,0.00027675235552,0.0127698335466
2.04,0.0942849766105,0.000388653711333,0.0128789373686
2.05,0.0952153617976,0.000542895989458,0.0130293235897
2.06,0.0961801728693,0.0007522628661,0.0132334562944
2.07,0.0971792829693,0.00103166870223,0.0135058769847
2.08,0.0982125312154,0.00139784387583,0.0138628977789
2.09,0.099279721989,0.00186879883557,0.0143220788647
2.10,0.100380624357,0.00246310056878,0.0149015230546
2.11,0.10151497163,0.00319902741233,0.015619051727
2.12,0.102682461071,0.00409368847102,0.0164913462592
2.13,0.103882753741,0.00516219806003,0.0175331431085
2.14,0.105115474508,0.00641698393697,0.0187565593385
2.15,0.106380212198,0.00786728491061,0.0201706027878
2.16,0.107676519901,0.00951886494695,0.0217808933233
2.17,0.109003915438,0.0113739432528,0.0235895946715
2.18,0.11036188196,0.0134313175003,0.0255955345628
2.19,0.111749868712,0.0156866426473,0.0277944765811
2.20,0.11316729192,0.0181328209495,0.0301795004258
2.21,0.114613535831,0.0207604585689,0.0327414471047
2.22,0.116087953868,0.0235583487603,0.0354693900413
2.23,0.11758986991,0.0265139489662,0.0383511002421
2.24,0.11911857969,0.0296138275382,0.0413734818498
2.25,0.120673352291,0.0328440639689,0.0445229623697
2.26,0.12225343173,0.0361905936651,0.0477858288234
2.27,0.123858038636,0.0396394940474,0.0511485066962
2.28,0.125486371991,0.0431772130328,0.0545977827069
2.29,0.127137610936,0.0467907438636,0.058120975267
2.30,0.128810916622,0.0504677519998,0.0617060581998
2.31,0.130505434108,0.054196660636,0.0653417441201
2.32,0.132220294274,0.0579667015881,0.0690175340484
2.33,0.133954615761,0.0617679380265,0.0727237395758
2.34,0.135707506908,0.0655912649794,0.076451483355
2.35,0.137478067693,0.0694283928374,0.0801926830165
2.36,0.139265391653,0.0732718183331,0.0839400228748
2.37,0.141068567779,0.0771147867339,0.0876869170656
2.38,0.142886682388,0.0809512482893,0.0914274670821
2.39,0.144718820939,0.0847758113591,0.0951564160751
2.40,0.146564069818,0.0885836941087,0.098869101756
2.41,0.148421518057,0.0923706762045,0.102561409299
2.42,0.150290258991,0.0961330515627,0.106229725274
2.43,0.152169391862,0.099867582902,0.109870893329
2.44,0.154058023335,0.103571458602,0.113482172137
2.45,0.155955268952,0.107242252183,0.117061195878
2.46,0.157860254502,0.110877884569,0.120605937455
2.47,0.159772117316,0.114476589193,0.124114674463
2.48,0.161690007472,0.118036879917,0.127585957919
2.49,0.163613088923,0.121557521678,0.131018583636
2.50,0.165540540541,0.125037503749,0.134411566156
2.51,0.167471557067,0.128476015453,0.137764115067
2.52,0.169405349992,0.131872424174,0.141075613569
2.53,0.171341148344,0.135226255498,0.14434559911
2.54,0.173278199393,0.138537175315,0.147573745932
2.55,0.175215769283,0.141804973709,0.150759849367
2.56,0.177153143576,0.145029550489,0.153903811727
2.57,0.179089627729,0.148210902202,0.157005629647
2.58,0.181024547491,0.151349110494,0.160065382732
2.59,0.182957249229,0.15444433169,0.163083223397
2.60,0.184887100192,0.157496787459,0.166059367772
2.61,0.186813488698,0.160506756483,0.168994087571
2.62,0.188735824275,0.163474566996,0.171887702821
2.63,0.190653537727,0.166400590132,0.174740575379
2.64,0.192566081159,0.169285233982,0.177553103133
2.65,0.194472927936,0.17212893829,0.180325714833
2.66,0.196373572605,0.17493216973,0.183058865486
2.67,0.198267530767,0.177695417686,0.185753032244
2.68,0.200154338901,0.180419190508,0.188408710745
2.69,0.202033554163,0.183104012164,0.19102641186
2.70,0.203904754131,0.18575041927,0.193606658788
2.71,0.205767536537,0.188358958451,0.196149984489
2.72,0.20762151895,0.190930183992,0.198656929392
2.73,0.209466338449,0.19346465576,0.201128039366
2.74,0.21130165126,0.195962937357,0.203563863923
2.75,0.213127132377,0.198425594488,0.205964954626
2.76,0.214942475165,0.200853193523,0.208331863684
2.77,0.216747390942,0.203246300217,0.210665142712
2.78,0.218541608552,0.205605478601,0.212965341636
2.79,0.220324873925,0.207931289988,0.215233007739
2.80,0.222096949626,0.21022429212,0.217468684817
2.81,0.223857614392,0.212485038411,0.21967291245
2.82,0.225606662675,0.214714077296,0.221846225363
2.83,0.22734390417,0.216911951665,0.223989152873
2.84,0.229069163341,0.219079198375,0.226102218415
2.85,0.230782278953,0.221216347831,0.228185939136
2.86,0.232483103597,0.223323923637,0.230240825546
2.87,0.234171503218,0.22540244229,0.232267381233
2.88,0.23584735665,0.227452412941,0.234266102617
2.89,0.237510555149,0.229474337185,0.236237478756
2.90,0.239161001929,0.231468708904,0.238181991181
2.91,0.240798611716,0.233436014135,0.240100113782
2.92,0.242423310289,0.23537673098,0.241992312705
2.93,0.244035034044,0.237291329534,0.243859046296
2.94,0.245633729559,0.23918027185,0.245700765054
2.95,0.247219353165,0.241044011914,0.247517911616
2.96,0.248791870531,0.242882995649,0.249310920758
2.97,0.25035125625,0.244697660934,0.25108021941
2.98,0.251897493445,0.246488437635,0.252826226695
2.99,0.253430573373,0.248255747658,0.254549353966
3.00,0.25495049505,0.250000005,0.256250004875
